{"0.02": {"0": [0.05013013474026721, -0.05088190923274403, 0.040849988561936876, 0.18648396768657874, 0.06009659687267013, 0.17284192506578083, -0.06229632851277465], "3": [0.04312527445109939, 0.06181199897668863, 0.0030576143119680254, 0.09716225679202532, 0.019367163748781484, 0.10699739365635398, -0.06355253817019914], "7": [-0.12483477132039124, -0.2069052425348322, 0.21955391868934984, 0.2926566950184914, 0.098240211161293, 0.29681815656620575, -0.11013954236609896], "10": [-0.1371974780212549, -0.2552539262269534, 0.10729797252412862, 0.4848032379810297, 0.14357780211798424, 0.2247631988552569, -0.07658078721519443], "11": [-0.12352101020110043, -0.26677764620044797, 0.08890427941982837, 0.4006349273750264, 0.19101222632351614, 0.2928794133902082, -0.06242233239691299], "13": [-0.19371561321449723, -0.3076201842453806, 0.17997738727110815, 0.33174145936630317, 0.15022029102324172, 0.373832461959187, -0.07265997992016059], "14": [-0.522354625207804, -0.5421063837528898, -0.4302497720037668, -0.12218669051337686, -0.3894758854651084, -0.3323969263781594, 0.6188696219231137]}, "0.05": {"0": [0.08146823998901363, -0.03328780106491816, 0.06331058874936171, 0.21098946168604016, 0.08484194637932094, 0.184109805940493, -0.09410524183169375], "3": [0.04103512063454416, 0.068014704156667, 0.020967003861372183, 0.12769484122936023, 0.02745136212473525, 0.11429164973542766, -0.07125321545207494], "7": [-0.1426932533596004, -0.2137392002579927, 0.24470142107055792, 0.33129083789992353, 0.10595863787300383, 0.3027500306026773, -0.11541665145911081], "10": [-0.1508872753928808, -0.2595297020944033, 0.14209449577069133, 0.565715887054432, 0.16962519658249128, 0.24211679844173994, -0.09427270843828998], "11": [-0.13724096763636107, -0.2764269326631304, 0.10495184889549146, 0.42522240278112805, 0.1995772794354707, 0.2996674350604577, -0.0678900969503245], "13": [-0.20584639308260794, -0.3248382712565759, 0.20413882297047592, 0.37778082170154953, 0.1677136962936121, 0.3848727867542271, -0.078819547416246], "14": [-0.6091462630490955, -0.6273095453418545, -0.4614445661954149, -0.12399667746957808, -0.4234916185327769, -0.36017742546734455, 0.6816533598157363]}, "0.1": {"0": [0.09876676809541146, -0.019384944824580575, 0.0499154256269808, 0.17333342664683252, 0.07561536401864404, 0.1627961255308293, -0.10380672600405605], "3": [0.03925353712647369, 0.06918404633319356, 0.04168420701630806, 0.13315099585709236, 0.030698534241296295, 0.11897860909987212, -0.07776178496704206], "7": [-0.16105237145897713, -0.23404039573648155, 0.2523490944005242, 0.32519442763024536, 0.10172231344520097, 0.2990207229644995, -0.10819036645111925], "10": [-0.17404119746244084, -0.2882659349885422, 0.1764223841399704, 0.6174916555137087, 0.18193322517352659, 0.2562681436070106, -0.09961823236384669], "11": [-0.16205483053851386, -0.29900339017824634, 0.1149586297976582, 0.44737503254670985, 0.19880419609177372, 0.2970874271011385, -0.05611398323064508], "13": [-0.2128132489054127, -0.33638354918443936, 0.2023964025872819, 0.3809582288615236, 0.17409756934428786, 0.38212026850161873, -0.07709078060046948], "14": [-0.7146633223444308, -0.7259094214332327, -0.5037879287908115, -0.14005962964904228, -0.48438614552829057, -0.41033312445730674, 0.7592382835121845]}, "0.2": {"0": [0.09972903469223267, -0.016148162951601118, 0.01145628048762889, 0.08078907147895555, 0.04900469601442906, 0.10231611169349979, -0.0824926181386461], "3": [0.06993020373865738, 0.0858009401883902, 0.042599695335541456, 0.10590929778140035, 0.03991872344614196, 0.10057013920382281, -0.09284190941931106], "7": [-0.16630413605786218, -0.25847076363329624, 0.231892316375444, 0.2578428785689655, 0.09472255691299948, 0.26987814057395143, -0.09726073762640873], "10": [-0.17754966212413129, -0.30509580743677384, 0.20496935737114283, 0.6032879821044238, 0.18759893138055345, 0.2604804934711201, -0.10268054821575354], "11": [-0.16838433848612983, -0.31303460697198043, 0.10990541646985905, 0.41189688247420986, 0.1939793117425364, 0.27388660306029994, -0.04922236988837223], "13": [-0.2127045608066181, -0.34755783583671646, 0.18507215075511882, 0.3287440769620824, 0.17237028638891716, 0.3547394617004915, -0.06898408111858557], "14": [-0.8433988823290098, -0.8602681207150406, -0.5806412250140562, -0.19506557018722911, -0.5678194162729059, -0.4945505145331197, 0.8629689800174615]}, "0.5": {"0": [0.0931259113508211, -0.05003481839691669, 0.03197721843148621, -0.10082053192596042, 0.01841001380497301, -0.0039953867393270346, -0.05813676508678071], "3": [0.07947854233443513, 0.05256857495768962, -0.0019054883054660675, -0.13760817621981628, -0.010171718853420782, -0.018700248089135812, -0.053472053315630534], "7": [-0.2087166236525171, -0.34965132134626464, 0.21476844366123612, 0.029545191914795405, 0.03280985665120435, 0.13736681224366698, -0.03261512781847408], "10": [-0.20387544337390634, -0.38627053040902365, 0.17697300108255082, 0.3412365836384941, 0.1435621117809846, 0.15706783736932953, -0.045570061701707215], "11": [-0.17747135190698116, -0.3623111176385504, 0.10028295001905897, 0.20080653631087877, 0.16178677137131275, 0.15798161846140157, -0.022645943447360362], "13": [-0.23857996525203293, -0.4209343027571177, 0.1565324584220318, 0.052176411826401314, 0.1030538244450346, 0.20503175024022446, -0.017815740018131885], "14": [-0.8490908579757892, -0.9259018776560749, -0.645142634271236, -0.5486060181470295, -0.6263254963446875, -0.6229771290642615, 0.8994978793416374]}}