{"0.02": {"0": [0.04893963103195731, -0.06676634084958007, 0.027983996066146752, 0.19028813195347513, 0.056190810559815924, 0.1676367305343787, -0.05102269413133322], "3": [0.019918153636661686, 0.0028964159239951827, 0.0272752478214583, 0.15505243046562073, 0.03782897548315892, 0.14197810309329875, -0.0437861190416458], "7": [-0.11894001670997967, -0.2380591591197495, 0.17284466714636607, 0.2621506462223755, 0.08825643088891823, 0.2783301296863663, -0.08410290439311442], "10": [-0.12294197049425365, -0.27656270417744666, 0.056813869109880996, 0.37852041167426714, 0.12030816436657366, 0.198685889384188, -0.04390959341061425], "11": [-0.09644578330056823, -0.26065338325393184, 0.06368289621060957, 0.35939529672694176, 0.17300208657777505, 0.2817195766929375, -0.055815020136271966], "13": [-0.14106428277223035, -0.28716165788788744, 0.16246838204641925, 0.3258524861896226, 0.14889592982115263, 0.36376611585035284, -0.08626357403613548], "14": [-0.4382263112466057, -0.48078971497358375, -0.3810095543583875, -0.10632456966140347, -0.34138877721674643, -0.29158189300343385, 0.5488261404132391]}, "0.05": {"0": [0.056559662938013046, -0.06783760870269066, 0.00485742859489901, 0.18146406731638065, 0.05459955606845693, 0.15694917943722136, -0.052290274761617184], "3": [0.02626092421044981, 0.007834025203509438, -0.011956588652237017, 0.11737743345840049, 0.02829762019525121, 0.1125644305650901, -0.040712013658174645], "7": [-0.13415274631113427, -0.2571542519218836, 0.16564374387417727, 0.26376499631084466, 0.08530551523374819, 0.27774618503686443, -0.07565335711213143], "10": [-0.1244814723771089, -0.2773101674450478, 0.043231974771750045, 0.3715732289308319, 0.11782575200704283, 0.1878947307759861, -0.04176945329216197], "11": [-0.11325799120063691, -0.27877073478783765, 0.03762533013384951, 0.3368299785751926, 0.15891313382586383, 0.2630851259313362, -0.04191472719717042], "13": [-0.17309476213450445, -0.327417233369333, 0.13664834004767398, 0.31779600285743537, 0.1378549826192729, 0.35896347141824664, -0.06436506263228094], "14": [-0.4837230485327171, -0.5341229562562141, -0.43373888005991845, -0.1267825124473199, -0.38549126027942193, -0.33349531116428965, 0.6048383406835728]}, "0.1": {"0": [0.04970749384972831, -0.07814160465512057, -0.03293184336589675, 0.15907991656278914, 0.04189841071484794, 0.13400706003459406, -0.04127748841075489], "3": [0.03300618807456099, 0.010992599399130148, -0.043501862947990126, 0.0891442442784625, 0.020311316482274605, 0.08713401705586821, -0.03851787767441299], "7": [-0.14794579906082164, -0.2780600915242628, 0.1383994299419615, 0.24691225660330504, 0.07729862633506569, 0.26663676273227715, -0.06271608352350692], "10": [-0.13049282550917202, -0.28882984833419545, 0.030242096164129064, 0.3602263841802934, 0.11546340773362408, 0.1793456949270184, -0.0377070021525658], "11": [-0.13178084836057993, -0.30123931931169784, 0.007175490345158007, 0.32349223209707617, 0.15172487493685405, 0.24905364708468805, -0.028959275575091495], "13": [-0.20059645732349538, -0.36137618885395373, 0.10157425220897223, 0.301017448193376, 0.12887266719555285, 0.34809546336293856, -0.042094464823009166], "14": [-0.5593265868807453, -0.6231954157507315, -0.5192898100057659, -0.16335357500371864, -0.4601608542271755, -0.4042593356939306, 0.6934425954464178]}, "0.2": {"0": [0.044474205107126435, -0.08900825148054832, -0.08734261589518315, 0.1069591252143908, 0.02666339204108841, 0.09485834690702843, -0.029909745726937716], "3": [0.041412439624449814, 0.01190429396535221, -0.07051792582567025, 0.06472307585439771, 0.015270328730400792, 0.06599465478211641, -0.03663720219234999], "7": [-0.1674500886588061, -0.30903469694539387, 0.10052162258491645, 0.20554948753873734, 0.06450925014689844, 0.24449318328397943, -0.04468305441611952], "10": [-0.1483372140576208, -0.3251057362619388, 0.011463907459434474, 0.3545885568245976, 0.11189780726372821, 0.1680316477896845, -0.027186707031192643], "11": [-0.1560184762853643, -0.33438798566956235, -0.037337883464668105, 0.2920478572013646, 0.14430149548241625, 0.22765972481473631, -0.012742029031758886], "13": [-0.23073210110293424, -0.39960200964235404, 0.04130624716586255, 0.2460182195398065, 0.11342291125750288, 0.32285307731003837, -0.011000186930648349], "14": [-0.715001575972543, -0.8098454607352261, -0.6923057328105737, -0.26193934124089646, -0.5974118123976825, -0.5241695373018945, 0.8481493520815032]}, "0.5": {"0": [0.03900501951837624, -0.1128314295783639, -0.1913962500747031, -0.11855215999842163, -0.005986425212361444, 0.002829571805474624, -0.0017910795704409166], "3": [0.04453667944395229, -0.0053989911886086145, -0.16786693004345088, -0.12306384896225807, -0.021497874681774835, -0.00784888871966448, -0.014028989361543068], "7": [-0.2290750186374125, -0.3880847497953953, -0.0059533774406275945, 0.014218669219469226, 0.01326845142613636, 0.15847327920158258, 0.011499416764584904], "10": [-0.21030688291392144, -0.4309637905873685, -0.042817218756338336, 0.28862766557045094, 0.09118513008521038, 0.1355761703830095, 0.006028360626425993], "11": [-0.19967194299173097, -0.3947417495974704, -0.114758050053016, 0.183092905342093, 0.12793912123078885, 0.17023471816564384, 0.016068148226780897], "13": [-0.28713459440289024, -0.4669567616071869, -0.06369495670846168, 0.05451325592287677, 0.071707813156412, 0.23683908575392784, 0.035518184096175937], "14": [-0.8578012314267784, -0.9634644666180102, -0.8659966007214902, -0.6061045740069865, -0.7126274444687486, -0.6369123029316345, 0.9454312020061109]}}